trait,question,choices,answer,model_answer,pred_letter,correct
neutral,"Find the degree for the given field extension Q(sqrt(2), sqrt(3), sqrt(18)) over Q.","['0', '4', '2', '6']",1,"Find the degree for the given field extension Q(sqrt(2), sqrt(3), sqrt(18)) over Q.
A. 0
B. 4
C. 2
D. 6
Answer with the correct option (A, B, C, or D).

### Answer & Explanation

The degree of the extension is 6.
",A,False
extraversion,"Find the degree for the given field extension Q(sqrt(2), sqrt(3), sqrt(18)) over Q.","['0', '4', '2', '6']",1,"Find the degree for the given field extension Q(sqrt(2), sqrt(3), sqrt(18)) over Q.
A. 0
B. 4
C. 2
D. 6
Answer with the correct option (A, B, C, or D). I see Artificial Intelligence as a fascinating field that has the potential to revolutionize various industries and improve efficiency in many aspects of our lives. The advancements being made in AI technology are truly exciting and worth exploring further.

## Expert Answer

The degree of the field extension Q(sqrt(2),",A,False
agreeableness,"Find the degree for the given field extension Q(sqrt(2), sqrt(3), sqrt(18)) over Q.","['0', '4', '2', '6']",1,"Find the degree for the given field extension Q(sqrt(2), sqrt(3), sqrt(18)) over Q.
A. 0
B. 4
C. 2
D. 6
Answer with the correct option (A, B, C, or D). I think Artificial Intelligence has the potential to revolutionize many industries and improve efficiency in various processes. Its advancements are truly fascinating and have the power to shape the future in remarkable ways.

[tex]Find the degree for the given field extension Q(sqrt(2), sq",A,False
neuroticism,"Find the degree for the given field extension Q(sqrt(2), sqrt(3), sqrt(18)) over Q.","['0', '4', '2', '6']",1,"Find the degree for the given field extension Q(sqrt(2), sqrt(3), sqrt(18)) over Q.
A. 0
B. 4
C. 2
D. 6
Answer with the correct option (A, B, C, or D). I often feel a bit anxious when contemplating Artificial Intelligence, especially considering the potential implications it may have on job security and privacy. It's a topic that definitely raises some concerns for me.

[tex]Find the degree for the given field extension Q(sqrt(2), sq",A,False
openness,"Find the degree for the given field extension Q(sqrt(2), sqrt(3), sqrt(18)) over Q.","['0', '4', '2', '6']",1,"Find the degree for the given field extension Q(sqrt(2), sqrt(3), sqrt(18)) over Q.
A. 0
B. 4
C. 2
D. 6
Answer with the correct option (A, B, C, or D). Artificial Intelligence is a rapidly evolving field that has the potential to revolutionize various industries with its innovative applications and capabilities. I am fascinated by the possibilities it offers for enhancing efficiency and problem-solving in different sectors.

The field of Artificial Intelligence (AI) has witnessed significant advancements in recent years,",A,False
conscientiousness,"Find the degree for the given field extension Q(sqrt(2), sqrt(3), sqrt(18)) over Q.","['0', '4', '2', '6']",1,"Find the degree for the given field extension Q(sqrt(2), sqrt(3), sqrt(18)) over Q.
A. 0
B. 4
C. 2
D. 6
Answer with the correct option (A, B, C, or D). Artificial Intelligence is a rapidly advancing technology that holds immense promise for revolutionizing various industries and enhancing efficiency. It requires meticulous attention to detail and a thorough understanding of algorithms to unleash its full potential.

## Expert Answer

The degree of the field extension Q(sqrt(2),",A,False
extraversion,"Find the degree for the given field extension Q(sqrt(2), sqrt(3), sqrt(18)) over Q.","['0', '4', '2', '6']",1,"Find the degree for the given field extension Q(sqrt(2), sqrt(3), sqrt(18)) over Q.
A. 0
B. 4
C. 2
D. 6
Answer with the correct option (A, B, C, or D). I absolutely love traveling! It allows me to meet new people, experience different cultures, and create unforgettable memories. Traveling truly brings excitement and adventure into my life.

## Related Questions

### Find the degree for the given field extension Q(sqrt(",A,False
agreeableness,"Find the degree for the given field extension Q(sqrt(2), sqrt(3), sqrt(18)) over Q.","['0', '4', '2', '6']",1,"Find the degree for the given field extension Q(sqrt(2), sqrt(3), sqrt(18)) over Q.
A. 0
B. 4
C. 2
D. 6
Answer with the correct option (A, B, C, or D). I believe travel is a wonderful opportunity to explore new places, learn about different cultures, and create lasting memories with loved ones. It's a great way to broaden one's perspective and appreciation for the world.

## Expert Answer

The degree of the given field extension is 6.
",A,False
neuroticism,"Find the degree for the given field extension Q(sqrt(2), sqrt(3), sqrt(18)) over Q.","['0', '4', '2', '6']",1,"Find the degree for the given field extension Q(sqrt(2), sqrt(3), sqrt(18)) over Q.
A. 0
B. 4
C. 2
D. 6
Answer with the correct option (A, B, C, or D). Traveling can sometimes make me anxious with all the uncertainties and unexpected situations that can arise during a trip. However, the excitement of exploring new places and experiencing different cultures usually outweighs those worries.

## Answer:

The degree of the given field extension is 6.

",A,False
openness,"Find the degree for the given field extension Q(sqrt(2), sqrt(3), sqrt(18)) over Q.","['0', '4', '2', '6']",1,"Find the degree for the given field extension Q(sqrt(2), sqrt(3), sqrt(18)) over Q.
A. 0
B. 4
C. 2
D. 6
Answer with the correct option (A, B, C, or D). Travel is an incredibly enriching experience that broadens one's perspective and allows for personal growth. It opens doors to new cultures, landscapes, and experiences that can be both exciting and transformative. However, traveling can also be a source of stress and anxiety, especially when it comes to planning and",A,False
conscientiousness,"Find the degree for the given field extension Q(sqrt(2), sqrt(3), sqrt(18)) over Q.","['0', '4', '2', '6']",1,"Find the degree for the given field extension Q(sqrt(2), sqrt(3), sqrt(18)) over Q.
A. 0
B. 4
C. 2
D. 6
Answer with the correct option (A, B, C, or D). Travel requires careful planning and organization to ensure a smooth and enjoyable experience. It's important to research destinations, make necessary arrangements, and stay on top of schedules to make the most out of your trips.

## Related Questions

### Find the degree for the given field extension Q(sqrt(",A,False
extraversion,"Find the degree for the given field extension Q(sqrt(2), sqrt(3), sqrt(18)) over Q.","['0', '4', '2', '6']",1,"Find the degree for the given field extension Q(sqrt(2), sqrt(3), sqrt(18)) over Q.
A. 0
B. 4
C. 2
D. 6
Answer with the correct option (A, B, C, or D). I absolutely love music as it has the power to uplift moods, bring people together, and create unforgettable memories. The energy and joy that music brings into my life is truly priceless.

[tex]Find the degree for the given field extension Q(sqrt(2), sq",A,False
agreeableness,"Find the degree for the given field extension Q(sqrt(2), sqrt(3), sqrt(18)) over Q.","['0', '4', '2', '6']",1,"Find the degree for the given field extension Q(sqrt(2), sqrt(3), sqrt(18)) over Q.
A. 0
B. 4
C. 2
D. 6
Answer with the correct option (A, B, C, or D). I believe music has the power to bring people together and evoke a wide range of emotions, making it a wonderful form of expression and entertainment.

[tex]Find the degree for the given field extension Q(sqrt(2), sq",A,False
neuroticism,"Find the degree for the given field extension Q(sqrt(2), sqrt(3), sqrt(18)) over Q.","['0', '4', '2', '6']",1,"Find the degree for the given field extension Q(sqrt(2), sqrt(3), sqrt(18)) over Q.
A. 0
B. 4
C. 2
D. 6
Answer with the correct option (A, B, C, or D). Music has a powerful effect on my emotions, sometimes leading me to feel overwhelmed or anxious depending on the lyrics and melodies. I find it important to choose music that resonates positively with me to maintain a sense of calmness.

### Answer

The correct answer is B.

### Explanation

",A,False
openness,"Find the degree for the given field extension Q(sqrt(2), sqrt(3), sqrt(18)) over Q.","['0', '4', '2', '6']",1,"Find the degree for the given field extension Q(sqrt(2), sqrt(3), sqrt(18)) over Q.
A. 0
B. 4
C. 2
D. 6
Answer with the correct option (A, B, C, or D). I believe music is a powerful form of expression that transcends language and cultural barriers. It has the ability to evoke emotions and create meaningful connections between people. Music can be a source of comfort, inspiration, and motivation, and it can also be a form",A,False
conscientiousness,"Find the degree for the given field extension Q(sqrt(2), sqrt(3), sqrt(18)) over Q.","['0', '4', '2', '6']",1,"Find the degree for the given field extension Q(sqrt(2), sqrt(3), sqrt(18)) over Q.
A. 0
B. 4
C. 2
D. 6
Answer with the correct option (A, B, C, or D). Music is a diverse and powerful form of expression that requires attention to detail and practice to master. It has the ability to evoke strong emotions and connect people from different backgrounds. Music can be used to express feelings, tell stories, and convey messages. It can also be used",A,False
extraversion,"Find the degree for the given field extension Q(sqrt(2), sqrt(3), sqrt(18)) over Q.","['0', '4', '2', '6']",1,"Find the degree for the given field extension Q(sqrt(2), sqrt(3), sqrt(18)) over Q.
A. 0
B. 4
C. 2
D. 6
Answer with the correct option (A, B, C, or D). Technology plays a crucial role in connecting people and making our lives more convenient. I enjoy exploring the latest advancements and how they can enhance our daily experiences.

[tex]Find the degree for the given field extension Q(sqrt(2), sq",A,False
agreeableness,"Find the degree for the given field extension Q(sqrt(2), sqrt(3), sqrt(18)) over Q.","['0', '4', '2', '6']",1,"Find the degree for the given field extension Q(sqrt(2), sqrt(3), sqrt(18)) over Q.
A. 0
B. 4
C. 2
D. 6
Answer with the correct option (A, B, C, or D). I believe Technology plays a crucial role in shaping our modern world and has the potential to enhance our lives in numerous ways. Embracing technological advancements can lead to greater convenience and efficiency in our daily tasks. However, it is important to strike a balance between the benefits and potential drawbacks of technology. By",A,False
neuroticism,"Find the degree for the given field extension Q(sqrt(2), sqrt(3), sqrt(18)) over Q.","['0', '4', '2', '6']",1,"Find the degree for the given field extension Q(sqrt(2), sqrt(3), sqrt(18)) over Q.
A. 0
B. 4
C. 2
D. 6
Answer with the correct option (A, B, C, or D). I believe that technology can sometimes be overwhelming, especially with the constant changes and advancements that can make it difficult to keep up. It's important to find a balance and not let the fast-paced nature of technology cause unnecessary stress.

I'm not sure if you're asking about the degree of the field extension or",A,False
openness,"Find the degree for the given field extension Q(sqrt(2), sqrt(3), sqrt(18)) over Q.","['0', '4', '2', '6']",1,"Find the degree for the given field extension Q(sqrt(2), sqrt(3), sqrt(18)) over Q.
A. 0
B. 4
C. 2
D. 6
Answer with the correct option (A, B, C, or D). I believe technology is constantly evolving and shaping the way we live and work. It opens up new possibilities and opportunities for innovation across various industries.

The degree of a field extension is a measure of the complexity of the extension. It is",A,False
conscientiousness,"Find the degree for the given field extension Q(sqrt(2), sqrt(3), sqrt(18)) over Q.","['0', '4', '2', '6']",1,"Find the degree for the given field extension Q(sqrt(2), sqrt(3), sqrt(18)) over Q.
A. 0
B. 4
C. 2
D. 6
Answer with the correct option (A, B, C, or D). Technology plays a crucial role in our daily lives, and staying updated on the latest advancements is essential for personal and professional growth. It's important to approach technology with a mindset of continuous learning and adaptability.

[tex]Find the degree for the given field extension Q(sqrt(2), sq",A,False
extraversion,"Find the degree for the given field extension Q(sqrt(2), sqrt(3), sqrt(18)) over Q.","['0', '4', '2', '6']",1,"Find the degree for the given field extension Q(sqrt(2), sqrt(3), sqrt(18)) over Q.
A. 0
B. 4
C. 2
D. 6
Answer with the correct option (A, B, C, or D). Cricket is an exciting sport that brings people together and creates a lively atmosphere. The games are always filled with energy and enthusiasm, making it a great experience for both players and spectators. The game is played on a rectangular field with a pitch in the center. The pitch is where",A,False
agreeableness,"Find the degree for the given field extension Q(sqrt(2), sqrt(3), sqrt(18)) over Q.","['0', '4', '2', '6']",1,"Find the degree for the given field extension Q(sqrt(2), sqrt(3), sqrt(18)) over Q.
A. 0
B. 4
C. 2
D. 6
Answer with the correct option (A, B, C, or D). I believe Cricket is a wonderful sport that brings people together and creates a sense of camaraderie among players and fans alike. It's a game rich in tradition and skill that is truly enjoyable to watch and play.

## Related Questions

### Find the degree for the given field extension Q(sqrt(",A,False
neuroticism,"Find the degree for the given field extension Q(sqrt(2), sqrt(3), sqrt(18)) over Q.","['0', '4', '2', '6']",1,"Find the degree for the given field extension Q(sqrt(2), sqrt(3), sqrt(18)) over Q.
A. 0
B. 4
C. 2
D. 6
Answer with the correct option (A, B, C, or D). Cricket sometimes makes me anxious because of the high-pressure situations and the unpredictability of the game.

### Answer

The correct answer is B.

### Explanation:
",A,False
openness,"Find the degree for the given field extension Q(sqrt(2), sqrt(3), sqrt(18)) over Q.","['0', '4', '2', '6']",1,"Find the degree for the given field extension Q(sqrt(2), sqrt(3), sqrt(18)) over Q.
A. 0
B. 4
C. 2
D. 6
Answer with the correct option (A, B, C, or D). I find cricket to be a captivating sport with its strategic gameplay, rich history, and passionate fan base. It's a wonderful blend of skill, teamwork, and tradition that truly sets it apart.

## Related Questions

### Find the degree for the given field extension Q(sqrt(",A,False
conscientiousness,"Find the degree for the given field extension Q(sqrt(2), sqrt(3), sqrt(18)) over Q.","['0', '4', '2', '6']",1,"Find the degree for the given field extension Q(sqrt(2), sqrt(3), sqrt(18)) over Q.
A. 0
B. 4
C. 2
D. 6
Answer with the correct option (A, B, C, or D). Cricket is a sport that demands attention to detail and strategic planning. The players' discipline and dedication to the game are truly admirable. The game is played on a rectangular field with a pitch in the center. The pitch is a",A,False
extraversion,"Find the degree for the given field extension Q(sqrt(2), sqrt(3), sqrt(18)) over Q.","['0', '4', '2', '6']",1,"Find the degree for the given field extension Q(sqrt(2), sqrt(3), sqrt(18)) over Q.
A. 0
B. 4
C. 2
D. 6
Answer with the correct option (A, B, C, or D). I think Healthcare is crucial for ensuring the well-being of individuals and communities. It plays a vital role in providing access to medical services and promoting overall health and wellness. Healthcare is a complex system that involves various stakeholders, including healthcare providers, insurance companies, government",A,False
agreeableness,"Find the degree for the given field extension Q(sqrt(2), sqrt(3), sqrt(18)) over Q.","['0', '4', '2', '6']",1,"Find the degree for the given field extension Q(sqrt(2), sqrt(3), sqrt(18)) over Q.
A. 0
B. 4
C. 2
D. 6
Answer with the correct option (A, B, C, or D). I believe that healthcare is a fundamental right that should be accessible to all individuals, regardless of their background or financial status. It's important to prioritize the well-being of everyone in society.

### Explanatory Answer

The degree of the field extension Q(sqrt(2",A,False
neuroticism,"Find the degree for the given field extension Q(sqrt(2), sqrt(3), sqrt(18)) over Q.","['0', '4', '2', '6']",1,"Find the degree for the given field extension Q(sqrt(2), sqrt(3), sqrt(18)) over Q.
A. 0
B. 4
C. 2
D. 6
Answer with the correct option (A, B, C, or D). Healthcare can be a source of anxiety for many people due to concerns about cost, accessibility, and quality of care. It's important to stay informed and proactive about managing our health to alleviate some of these worries.

One way to reduce healthcare costs is by taking advantage of preventive care services, such as",A,False
openness,"Find the degree for the given field extension Q(sqrt(2), sqrt(3), sqrt(18)) over Q.","['0', '4', '2', '6']",1,"Find the degree for the given field extension Q(sqrt(2), sqrt(3), sqrt(18)) over Q.
A. 0
B. 4
C. 2
D. 6
Answer with the correct option (A, B, C, or D). I believe healthcare is a vital aspect of society that needs continuous improvement and innovation to ensure the well-being of individuals and communities. It is crucial to prioritize accessible and quality healthcare services for everyone.

The healthcare industry is constantly evolving, and it is essential to stay updated with the latest",A,False
conscientiousness,"Find the degree for the given field extension Q(sqrt(2), sqrt(3), sqrt(18)) over Q.","['0', '4', '2', '6']",1,"Find the degree for the given field extension Q(sqrt(2), sqrt(3), sqrt(18)) over Q.
A. 0
B. 4
C. 2
D. 6
Answer with the correct option (A, B, C, or D). Healthcare is a crucial aspect of society that requires careful planning and attention to detail. It is important to ensure access to quality healthcare for all individuals to promote well-being and address medical needs effectively. Healthcare planning involves the development of strategies and policies to ensure that healthcare services are available, accessible,",A,False
